ARI (KMeans),AMI (KMeans),NMI (KMeans),ARI (DBSCAN),AMI (DBSCAN),NMI (DBSCAN)
-0.09780773979294843,0.09211661526303143,0.09696260671158358,0.09457705959311359,0.12504703983207197,0.1316871509326135
